"STATION","NAME","LATITUDE","LONGITUDE","ELEVATION","DATE","AWND","PGTM","PRCP","SNOW","SNWD","TAVG","TMAX","TMIN","WDF2","WDF5","WSF2","WSF5","WT01","WT02","WT03","WT04","WT06","WT08","WT09"
"USW00094789","JFK INTERNATIONAL AIRPORT, NY US","40.6386","-73.7622","3.4","2017-07-01","5.5",,"13.5","0.0","0.0","22.0","25.6","19.4","  190","  180","11.2","14.3","    1",,"    1",,,,
"USW00094789","JFK INTERNATIONAL AIRPORT, NY US","40.6386","-73.7622","3.4","2017-07-02","4.5",,"0.0","0.0","0.0","25.2","31.7","21.7","  180","  180","8.9","11.2","    1",,,,,,
"USW00094789","JFK INTERNATIONAL AIRPORT, NY US","40.6386","-73.7622","3.4","2017-07-03","3.5",,"0.0","0.0","0.0","26.2","31.7","21.7","  220","  220","8.9","10.7",,,,,,,
"USW00094789","JFK INTERNATIONAL AIRPORT, NY US","40.6386","-73.7622","3.4","2017-07-04","2.9",,"0.0","0.0","0.0","25.1","29.4","21.1","   20","   30","7.2","8.5",,,,,,,
"USW00094789","JFK INTERNATIONAL AIRPORT, NY US","40.6386","-73.7622","3.4","2017-07-05","4.0",,"0.0","0.0","0.0","24.6","28.3","20.6","  130","  130","7.6","9.4",,,,,,,
"USW00094789","JFK INTERNATIONAL AIRPORT, NY US","40.6386","-73.7622","3.4","2017-07-06","3.7",,"0.0","0.0","0.0","22.6","25.0","20.6","  110","  110","6.3","7.6",,,,,,,
"USW00094789","JFK INTERNATIONAL AIRPORT, NY US","40.6386","-73.7622","3.4","2017-07-07","4.0",,"48.8","0.0","0.0","22.9","28.3","20.6","  300","  300","11.6","13.4","    1",,,,,,
"USW00094789","JFK INTERNATIONAL AIRPORT, NY US","40.6386","-73.7622","3.4","2017-07-08","4.9",,"0.0","0.0","0.0","24.9","30.6","21.1","  270","  260","10.7","12.5","    1",,,,,,
"USW00094789","JFK INTERNATIONAL AIRPORT, NY US","40.6386","-73.7622","3.4","2017-07-09","5.1",,"0.0","0.0","0.0","25.0","28.3","20.6","  190","  190","8.9","10.3",,,,,,,
"USW00094789","JFK INTERNATIONAL AIRPORT, NY US","40.6386","-73.7622","3.4","2017-07-10","5.7",,"0.0","0.0","0.0","23.7","28.3","18.9","  180","  180","12.5","15.2",,,,,,,
"USW00094789","JFK INTERNATIONAL AIRPORT, NY US","40.6386","-73.7622","3.4","2017-07-11","4.4",,"4.1","0.0","0.0","25.8","31.1","22.8","  230","  240","10.7","15.7","    1",,"    1",,,"    1",
"USW00094789","JFK INTERNATIONAL AIRPORT, NY US","40.6386","-73.7622","3.4","2017-07-12","5.9",,"0.3","0.0","0.0","27.5","32.8","23.9","  240","  240","11.6","13.9",,,,,,,
"USW00094789","JFK INTERNATIONAL AIRPORT, NY US","40.6386","-73.7622","3.4","2017-07-13","4.9",,"0.8","0.0","0.0","29.1","33.9","21.1","  340","  320","11.2","13.4","    1",,,,,,
"USW00094789","JFK INTERNATIONAL AIRPORT, NY US","40.6386","-73.7622","3.4","2017-07-14","4.1",,"5.3","0.0","0.0","20.9","21.1","18.3","  100","   90","7.2","9.4","    1",,"    1",,,,
"USW00094789","JFK INTERNATIONAL AIRPORT, NY US","40.6386","-73.7622","3.4","2017-07-15","2.6",,"0.3","0.0","0.0","22.9","28.9","20.0","  170","  170","5.8","6.7","    1",,,,,,
"USW00094789","JFK INTERNATIONAL AIRPORT, NY US","40.6386","-73.7622","3.4","2017-07-16","3.8",,"0.0","0.0","0.0","24.9","28.3","20.0","  190","  170","7.2","8.1",,,,,,,
"USW00094789","JFK INTERNATIONAL AIRPORT, NY US","40.6386","-73.7622","3.4","2017-07-17","4.1",,"0.0","0.0","0.0","25.0","28.9","21.7","  170","  160","8.1","10.3",,,,,,,
"USW00094789","JFK INTERNATIONAL AIRPORT, NY US","40.6386","-73.7622","3.4","2017-07-18","4.2",,"0.0","0.0","0.0","25.7","29.4","22.2","  190","  170","8.1","11.2",,,,,,,
"USW00094789","JFK INTERNATIONAL AIRPORT, NY US","40.6386","-73.7622","3.4","2017-07-19","5.1",,"0.0","0.0","0.0","26.9","32.8","23.9","  180","  180","9.8","11.6",,,,,,,
"USW00094789","JFK INTERNATIONAL AIRPORT, NY US","40.6386","-73.7622","3.4","2017-07-20","4.2",,"0.0","0.0","0.0","28.7","34.4","25.0","  190","  180","9.4","10.7","    1",,,,,,
"USW00094789","JFK INTERNATIONAL AIRPORT, NY US","40.6386","-73.7622","3.4","2017-07-21","4.8",,"0.0","0.0","0.0","29.9","35.0","26.1","  230","  220","9.4","11.2",,,,,,"    1",
"USW00094789","JFK INTERNATIONAL AIRPORT, NY US","40.6386","-73.7622","3.4","2017-07-22","3.4",,"15.7","0.0","0.0","28.7","31.1","22.8","  330","  330","6.7","7.6","    1",,,,,,
"USW00094789","JFK INTERNATIONAL AIRPORT, NY US","40.6386","-73.7622","3.4","2017-07-23","3.5",,"9.4","0.0","0.0","24.2","27.2","21.7","  110","  110","7.2","8.9","    1",,,,,,
"USW00094789","JFK INTERNATIONAL AIRPORT, NY US","40.6386","-73.7622","3.4","2017-07-24","5.1",,"19.8","0.0","0.0","21.6","23.3","17.8","   30","   20","11.6","14.3","    1",,,,,,
"USW00094789","JFK INTERNATIONAL AIRPORT, NY US","40.6386","-73.7622","3.4","2017-07-25","3.3",,"0.0","0.0","0.0","19.3","22.2","17.2","   40","   40","5.8","6.7",,,,,,,
"USW00094789","JFK INTERNATIONAL AIRPORT, NY US","40.6386","-73.7622","3.4","2017-07-26","3.5",,"0.0","0.0","0.0","21.0","24.4","17.2","  190","  170","6.3","8.9",,,,,,,
"USW00094789","JFK INTERNATIONAL AIRPORT, NY US","40.6386","-73.7622","3.4","2017-07-27","4.4",,"0.0","0.0","0.0","21.6","25.6","18.3","  190","  200","7.6","8.9",,,,,,,
"USW00094789","JFK INTERNATIONAL AIRPORT, NY US","40.6386","-73.7622","3.4","2017-07-28","2.7",,"0.0","0.0","0.0","24.6","28.3","21.1","  140","  140","5.8","6.7",,,,,,,
"USW00094789","JFK INTERNATIONAL AIRPORT, NY US","40.6386","-73.7622","3.4","2017-07-29","7.6",,"0.3","0.0","0.0","22.6","24.4","18.9","   40","   40","13.4","17.0",,,,,,,
"USW00094789","JFK INTERNATIONAL AIRPORT, NY US","40.6386","-73.7622","3.4","2017-07-30","4.1",,"0.0","0.0","0.0","22.3","28.3","16.7","  210","   40","7.2","8.9",,,,,,,
"USW00094789","JFK INTERNATIONAL AIRPORT, NY US","40.6386","-73.7622","3.4","2017-07-31","3.8",,"0.0","0.0","0.0","23.8","30.0","18.9","  180","  210","6.7","8.5",,,,,,,
"USW00094789","JFK INTERNATIONAL AIRPORT, NY US","40.6386","-73.7622","3.4","2017-08-01","3.6",,"0.0","0.0","0.0","25.8","31.1","20.6","  170","  170","7.2","8.1",,,,,,,
"USW00094789","JFK INTERNATIONAL AIRPORT, NY US","40.6386","-73.7622","3.4","2017-08-02","3.3",,"0.3","0.0","0.0","24.8","29.4","21.7","  320","  320","13.4","16.1","    1",,"    1",,,,
"USW00094789","JFK INTERNATIONAL AIRPORT, NY US","40.6386","-73.7622","3.4","2017-08-03","3.4",,"0.0","0.0","0.0","24.1","28.3","20.0","  180","  180","7.2","8.9",,,,,,,
"USW00094789","JFK INTERNATIONAL AIRPORT, NY US","40.6386","-73.7622","3.4","2017-08-04","5.2",,"1.5","0.0","0.0","24.9","28.3","22.8","  160","  160","8.9","11.2","    1",,"    1",,,,
"USW00094789","JFK INTERNATIONAL AIRPORT, NY US","40.6386","-73.7622","3.4","2017-08-05","5.7",,"6.9","0.0","0.0","24.7","27.8","21.7","  270","  260","10.3","13.4","    1",,"    1",,,,
"USW00094789","JFK INTERNATIONAL AIRPORT, NY US","40.6386","-73.7622","3.4","2017-08-06","5.5",,"0.0","0.0","0.0","22.8","26.7","18.9","  310","  310","8.9","11.6",,,,,,,
"USW00094789","JFK INTERNATIONAL AIRPORT, NY US","40.6386","-73.7622","3.4","2017-08-07","3.2",,"9.9","0.0","0.0","21.0","22.2","18.9","  140","  130","7.2","8.9","    1",,,,,,
"USW00094789","JFK INTERNATIONAL AIRPORT, NY US","40.6386","-73.7622","3.4","2017-08-08","3.8",,"0.0","0.0","0.0","21.9","27.8","18.9","  360","  350","8.1","10.3","    1",,,,,,
"USW00094789","JFK INTERNATIONAL AIRPORT, NY US","40.6386","-73.7622","3.4","2017-08-09","3.4",,"0.0","0.0","0.0","23.6","28.3","18.3","  170","  180","6.3","7.6",,,,,,,
"USW00094789","JFK INTERNATIONAL AIRPORT, NY US","40.6386","-73.7622","3.4","2017-08-10","3.1",,"0.0","0.0","0.0","23.4","27.8","19.4","  170","  170","7.2","8.1",,,,,,"    1",
"USW00094789","JFK INTERNATIONAL AIRPORT, NY US","40.6386","-73.7622","3.4","2017-08-11","4.5",,"0.0","0.0","0.0","23.3","27.2","19.4","  180","  170","8.1","9.8",,,,,,,
"USW00094789","JFK INTERNATIONAL AIRPORT, NY US","40.6386","-73.7622","3.4","2017-08-12","3.4",,"5.3","0.0","0.0","21.9","25.6","18.3","  180","  180","7.6","8.9","    1",,"    1",,,,
"USW00094789","JFK INTERNATIONAL AIRPORT, NY US","40.6386","-73.7622","3.4","2017-08-13","3.6",,"0.0","0.0","0.0","25.4","30.6","21.7","  300","  330","7.2","9.8",,,,,,,
"USW00094789","JFK INTERNATIONAL AIRPORT, NY US","40.6386","-73.7622","3.4","2017-08-14","3.3",,"0.0","0.0","0.0","24.4","27.2","20.0","  180","  180","6.3","7.2",,,,,,,
"USW00094789","JFK INTERNATIONAL AIRPORT, NY US","40.6386","-73.7622","3.4","2017-08-15","2.6",,"11.2","0.0","0.0","22.7","24.4","20.0","  250","  250","5.4","6.3","    1",,,,,,
"USW00094789","JFK INTERNATIONAL AIRPORT, NY US","40.6386","-73.7622","3.4","2017-08-16","3.0",,"0.0","0.0","0.0","25.2","31.1","21.1","  340","  340","7.2","8.9","    1",,,,,,
"USW00094789","JFK INTERNATIONAL AIRPORT, NY US","40.6386","-73.7622","3.4","2017-08-17","4.0",,"0.0","0.0","0.0","23.9","26.7","20.6","  140","  130","6.7","8.1","    1",,,,,,
"USW00094789","JFK INTERNATIONAL AIRPORT, NY US","40.6386","-73.7622","3.4","2017-08-18","6.0",,"6.9","0.0","0.0","24.5","27.2","22.8","  190","  190","10.3","13.4","    1",,"    1",,,,
"USW00094789","JFK INTERNATIONAL AIRPORT, NY US","40.6386","-73.7622","3.4","2017-08-19","4.7",,"0.0","0.0","0.0","25.6","30.6","22.8","  240","  230","7.2","8.9",,,,,,,
"USW00094789","JFK INTERNATIONAL AIRPORT, NY US","40.6386","-73.7622","3.4","2017-08-20","5.1",,"0.0","0.0","0.0","25.8","29.4","21.7","  320","  310","8.1","10.7",,,,,,,
"USW00094789","JFK INTERNATIONAL AIRPORT, NY US","40.6386","-73.7622","3.4","2017-08-21","4.6",,"0.0","0.0","0.0","25.4","30.6","21.1","  180","  180","10.3","12.1",,,,,,,
"USW00094789","JFK INTERNATIONAL AIRPORT, NY US","40.6386","-73.7622","3.4","2017-08-22","6.5",,"4.3","0.0","0.0","25.6","30.0","23.3","  180","  190","13.9","16.1","    1",,"    1",,,,
"USW00094789","JFK INTERNATIONAL AIRPORT, NY US","40.6386","-73.7622","3.4","2017-08-23","4.6",,"1.5","0.0","0.0","25.6","28.9","20.6","  280","  310","8.1","10.7","    1",,"    1",,,,
"USW00094789","JFK INTERNATIONAL AIRPORT, NY US","40.6386","-73.7622","3.4","2017-08-24","3.7",,"0.0","0.0","0.0","23.4","28.9","18.3","  270","  270","7.6","9.8",,,,,,,
"USW00094789","JFK INTERNATIONAL AIRPORT, NY US","40.6386","-73.7622","3.4","2017-08-25","3.0",,"0.0","0.0","0.0","21.9","26.7","17.8","  360","  360","7.2","9.4",,,,,,,
"USW00094789","JFK INTERNATIONAL AIRPORT, NY US","40.6386","-73.7622","3.4","2017-08-26","2.9",,"0.0","0.0","0.0","21.6","26.7","16.7","  180","  190","6.7","8.9",,,,,,,
"USW00094789","JFK INTERNATIONAL AIRPORT, NY US","40.6386","-73.7622","3.4","2017-08-27","3.2",,"0.0","0.0","0.0","20.4","26.7","15.6","  110","  110","6.3","8.5",,,,,,,
"USW00094789","JFK INTERNATIONAL AIRPORT, NY US","40.6386","-73.7622","3.4","2017-08-28","4.7",,"0.0","0.0","0.0","20.2","25.6","15.6","  100","  120","8.9","10.7",,,,,,,
"USW00094789","JFK INTERNATIONAL AIRPORT, NY US","40.6386","-73.7622","3.4","2017-08-29","5.3",,"14.5","0.0","0.0","18.6","20.6","16.7","   50","   60","8.1","10.3","    1",,,,,,
"USW00094789","JFK INTERNATIONAL AIRPORT, NY US","40.6386","-73.7622","3.4","2017-08-30","5.7",,"1.3","0.0","0.0","19.6","26.7","15.6","  350","  360","9.4","11.6","    1",,,,,,
"USW00094789","JFK INTERNATIONAL AIRPORT, NY US","40.6386","-73.7622","3.4","2017-08-31","6.0",,"0.0","0.0","0.0","23.3","30.0","18.3","  330","  290","9.4","12.5",,,,,,,
"USW00094789","JFK INTERNATIONAL AIRPORT, NY US","40.6386","-73.7622","3.4","2017-09-01","4.8",,"0.0","0.0","0.0","19.1","23.3","13.3","  300","  330","7.6","11.6",,,,,,,
"USW00094789","JFK INTERNATIONAL AIRPORT, NY US","40.6386","-73.7622","3.4","2017-09-02","4.4",,"13.7","0.0","0.0","17.1","20.0","12.2","   90","  100","8.9","11.6","    1",,,,,,
"USW00094789","JFK INTERNATIONAL AIRPORT, NY US","40.6386","-73.7622","3.4","2017-09-03","6.3",,"11.7","0.0","0.0","17.3","22.8","15.0","   90","  100","9.8","12.1","    1",,,,,"    1",
"USW00094789","JFK INTERNATIONAL AIRPORT, NY US","40.6386","-73.7622","3.4","2017-09-04","6.1",,"0.0","0.0","0.0","21.1","26.1","17.2","  180","  190","10.7","12.5",,,,,,,
"USW00094789","JFK INTERNATIONAL AIRPORT, NY US","40.6386","-73.7622","3.4","2017-09-05","6.1",,"0.0","0.0","0.0","23.2","27.2","20.0","  180","  190","12.5","15.7",,,,,,,
"USW00094789","JFK INTERNATIONAL AIRPORT, NY US","40.6386","-73.7622","3.4","2017-09-06","3.6",,"12.7","0.0","0.0","21.2","23.3","16.7","  360","  350","9.8","12.1","    1",,"    1",,,"    1",
"USW00094789","JFK INTERNATIONAL AIRPORT, NY US","40.6386","-73.7622","3.4","2017-09-07","5.8",,"0.0","0.0","0.0","18.8","23.3","16.1","  240","  240","10.3","12.1",,,,,,,
"USW00094789","JFK INTERNATIONAL AIRPORT, NY US","40.6386","-73.7622","3.4","2017-09-08","5.2",,"0.0","0.0","0.0","19.7","23.9","15.0","  270","  270","8.9","10.3",,,,,,,
"USW00094789","JFK INTERNATIONAL AIRPORT, NY US","40.6386","-73.7622","3.4","2017-09-09","5.2",,"0.0","0.0","0.0","18.1","22.2","13.3","  360","  330","9.4","11.2",,,,,,,
"USW00094789","JFK INTERNATIONAL AIRPORT, NY US","40.6386","-73.7622","3.4","2017-09-10","4.5",,"0.0","0.0","0.0","18.4","23.9","13.9","  360","  360","9.8","12.5",,,,,,,
"USW00094789","JFK INTERNATIONAL AIRPORT, NY US","40.6386","-73.7622","3.4","2017-09-11","2.9",,"0.0","0.0","0.0","19.6","26.7","13.3","   20","  360","5.4","7.2",,,,,,,
"USW00094789","JFK INTERNATIONAL AIRPORT, NY US","40.6386","-73.7622","3.4","2017-09-12","2.8",,"0.0","0.0","0.0","20.7","26.7","15.0","  190","  220","5.8","6.7",,,,,,,
"USW00094789","JFK INTERNATIONAL AIRPORT, NY US","40.6386","-73.7622","3.4","2017-09-13","3.7",,"10.2","0.0","0.0","21.1","26.7","16.1","  180","  180","7.2","9.4","    1",,"    1",,,,
"USW00094789","JFK INTERNATIONAL AIRPORT, NY US","40.6386","-73.7622","3.4","2017-09-14","3.6",,"0.0","0.0","0.0","22.1","26.1","19.4","  190","  180","8.9","10.7","    1","    1",,,,,
"USW00094789","JFK INTERNATIONAL AIRPORT, NY US","40.6386","-73.7622","3.4","2017-09-15","2.8",,"0.0","0.0","0.0","22.9","27.2","18.9","  190","  190","6.3","7.6","    1",,,,,,
"USW00094789","JFK INTERNATIONAL AIRPORT, NY US","40.6386","-73.7622","3.4","2017-09-16","2.4",,"0.0","0.0","0.0","22.7","26.1","20.0","  160","  160","6.3","7.6","    1","    1",,,,"    1",
"USW00094789","JFK INTERNATIONAL AIRPORT, NY US","40.6386","-73.7622","3.4","2017-09-17","2.2",,"0.0","0.0","0.0","21.8","25.6","19.4","  140","  150","5.8","7.2","    1",,,,,,
"USW00094789","JFK INTERNATIONAL AIRPORT, NY US","40.6386","-73.7622","3.4","2017-09-18","4.3",,"0.0","0.0","0.0","21.6","25.0","19.4","   40","   60","6.7","9.4","    1",,,,,,
"USW00094789","JFK INTERNATIONAL AIRPORT, NY US","40.6386","-73.7622","3.4","2017-09-19","8.4",,"6.6","0.0","0.0","22.2","25.0","20.6","   40","   30","13.0","17.4","    1",,,,,,
"USW00094789","JFK INTERNATIONAL AIRPORT, NY US","40.6386","-73.7622","3.4","2017-09-20","7.6",,"0.0","0.0","0.0","23.8","27.2","21.7","   10","  360","12.5","14.8",,,,,,,
"USW00094789","JFK INTERNATIONAL AIRPORT, NY US","40.6386","-73.7622","3.4","2017-09-21","6.1",,"0.0","0.0","0.0","24.6","27.2","21.7","  350","  360","9.8","12.5",,,,,,,
"USW00094789","JFK INTERNATIONAL AIRPORT, NY US","40.6386","-73.7622","3.4","2017-09-22","8.1",,"0.0","0.0","0.0","23.7","28.3","19.4","  350","  350","11.2","14.3",,,,,,,
"USW00094789","JFK INTERNATIONAL AIRPORT, NY US","40.6386","-73.7622","3.4","2017-09-23","5.1",,"0.0","0.0","0.0","25.1","31.1","20.0","  350","  340","8.9","11.2",,,,,,,
"USW00094789","JFK INTERNATIONAL AIRPORT, NY US","40.6386","-73.7622","3.4","2017-09-24","2.5",,"0.0","0.0","0.0","25.1","33.3","18.3","  180","   50","5.8","7.6",,,,,,,
"USW00094789","JFK INTERNATIONAL AIRPORT, NY US","40.6386","-73.7622","3.4","2017-09-25","2.3",,"0.0","0.0","0.0","23.5","29.4","18.3","  150","  150","5.4","6.3",,,,,,"    1",
"USW00094789","JFK INTERNATIONAL AIRPORT, NY US","40.6386","-73.7622","3.4","2017-09-26","2.8",,"0.0","0.0","0.0","21.4","25.6","19.4","  140","  160","5.4","6.3","    1",,,,,,
"USW00094789","JFK INTERNATIONAL AIRPORT, NY US","40.6386","-73.7622","3.4","2017-09-27","3.3",,"0.0","0.0","0.0","24.1","30.6","20.6","  110","  110","6.7","8.5","    1",,,,,,
"USW00094789","JFK INTERNATIONAL AIRPORT, NY US","40.6386","-73.7622","3.4","2017-09-28","7.6",,"0.0","0.0","0.0","24.1","26.7","15.6","  320","  330","11.6","14.3","    1","    1",,,,,
"USW00094789","JFK INTERNATIONAL AIRPORT, NY US","40.6386","-73.7622","3.4","2017-09-29","3.1",,"0.0","0.0","0.0","16.9","20.6","12.2","  270","  260","7.2","9.4",,,,,,"    1",
"USW00094789","JFK INTERNATIONAL AIRPORT, NY US","40.6386","-73.7622","3.4","2017-09-30","6.3",,"1.0","0.0","0.0","16.1","19.4","12.2","  350","  350","11.2","13.9","    1",,,,,,
"USW00094789","JFK INTERNATIONAL AIRPORT, NY US","40.6386","-73.7622","3.4","2017-10-01","3.1",,"0.0","0.0","0.0","14.6","20.6","10.0","  230","  230","7.2","8.1",,,,,,,
"USW00094789","JFK INTERNATIONAL AIRPORT, NY US","40.6386","-73.7622","3.4","2017-10-02","3.1",,"0.0","0.0","0.0","16.4","22.8","11.1","  200","   40","5.8","7.6",,,,,,,
"USW00094789","JFK INTERNATIONAL AIRPORT, NY US","40.6386","-73.7622","3.4","2017-10-03","3.5",,"0.0","0.0","0.0","15.6","21.1","10.6","  150","  140","6.7","9.4",,,,,,,
"USW00094789","JFK INTERNATIONAL AIRPORT, NY US","40.6386","-73.7622","3.4","2017-10-04","5.3",,"0.0","0.0","0.0","16.7","22.2","12.8","  200","  190","9.4","11.2",,,,,,,
"USW00094789","JFK INTERNATIONAL AIRPORT, NY US","40.6386","-73.7622","3.4","2017-10-05","5.4",,"0.0","0.0","0.0","20.8","28.3","17.2","  240","  240","8.1","9.8",,,,,,,
"USW00094789","JFK INTERNATIONAL AIRPORT, NY US","40.6386","-73.7622","3.4","2017-10-06","3.3",,"0.0","0.0","0.0","22.3","27.2","18.9","  170","  190","6.3","7.6",,,,,,,
"USW00094789","JFK INTERNATIONAL AIRPORT, NY US","40.6386","-73.7622","3.4","2017-10-07","4.8",,"0.0","0.0","0.0","20.9","26.1","17.2","  170","  190","10.3","13.0","    1",,,,,,
"USW00094789","JFK INTERNATIONAL AIRPORT, NY US","40.6386","-73.7622","3.4","2017-10-08","6.4",,"1.0","0.0","0.0","21.8","22.8","21.1","  180","  180","10.7","13.0","    1",,,,,,
"USW00094789","JFK INTERNATIONAL AIRPORT, NY US","40.6386","-73.7622","3.4","2017-10-09","7.5",,"8.6","0.0","0.0","21.7","24.4","21.1","  180","  170","14.3","18.8","    1",,,,,,
"USW00094789","JFK INTERNATIONAL AIRPORT, NY US","40.6386","-73.7622","3.4","2017-10-10","3.3",,"0.0","0.0","0.0","23.3","28.9","18.9","  320","  320","8.9","10.7",,,,,,,
"USW00094789","JFK INTERNATIONAL AIRPORT, NY US","40.6386","-73.7622","3.4","2017-10-11","4.2",,"0.5","0.0","0.0","19.9","25.0","16.7","   90","  110","9.8","12.1",,,,,,,
"USW00094789","JFK INTERNATIONAL AIRPORT, NY US","40.6386","-73.7622","3.4","2017-10-12","6.8",,"2.0","0.0","0.0","16.3","18.9","12.2","   50","   50","10.3","13.0","    1",,,,,,
"USW00094789","JFK INTERNATIONAL AIRPORT, NY US","40.6386","-73.7622","3.4","2017-10-13","5.2",,"0.0","0.0","0.0","14.8","19.4","11.7","  100","  100","8.9","10.7","    1",,,,,,
"USW00094789","JFK INTERNATIONAL AIRPORT, NY US","40.6386","-73.7622","3.4","2017-10-14","3.1",,"0.3","0.0","0.0","18.6","23.3","15.6","   30","   30","5.8","6.7","    1",,,,,,
"USW00094789","JFK INTERNATIONAL AIRPORT, NY US","40.6386","-73.7622","3.4","2017-10-15","4.5",,"0.3","0.0","0.0","19.8","23.3","18.3","  220","  220","9.4","12.1","    1",,,,,,
"USW00094789","JFK INTERNATIONAL AIRPORT, NY US","40.6386","-73.7622","3.4","2017-10-16","7.4",,"0.0","0.0","0.0","16.8","20.6","7.8","  320","  320","11.6","14.3",,,,,,,
"USW00094789","JFK INTERNATIONAL AIRPORT, NY US","40.6386","-73.7622","3.4","2017-10-17","4.7",,"0.0","0.0","0.0","10.2","15.6","5.6","  360","  360","8.1","10.3",,,,,,,
"USW00094789","JFK INTERNATIONAL AIRPORT, NY US","40.6386","-73.7622","3.4","2017-10-18","4.6",,"0.0","0.0","0.0","14.6","21.7","10.0","  260","  260","7.6","9.4",,,,,,,
"USW00094789","JFK INTERNATIONAL AIRPORT, NY US","40.6386","-73.7622","3.4","2017-10-19","4.8",,"0.0","0.0","0.0","15.9","21.1","10.6","  220","  190","7.6","9.4",,,,,,,
"USW00094789","JFK INTERNATIONAL AIRPORT, NY US","40.6386","-73.7622","3.4","2017-10-20","4.7",,"0.0","0.0","0.0","18.2","23.9","13.3","  300","  320","8.9","11.6",,,,,,,
"USW00094789","JFK INTERNATIONAL AIRPORT, NY US","40.6386","-73.7622","3.4","2017-10-21","2.7",,"0.0","0.0","0.0","17.5","24.4","8.9","  190","  190","6.7","8.1",,,,,,,
"USW00094789","JFK INTERNATIONAL AIRPORT, NY US","40.6386","-73.7622","3.4","2017-10-22","2.1",,"0.0","0.0","0.0","16.3","22.2","9.4","  170","  180","5.8","6.7",,,,,,,
"USW00094789","JFK INTERNATIONAL AIRPORT, NY US","40.6386","-73.7622","3.4","2017-10-23","5.7",,"0.0","0.0","0.0","17.5","22.8","12.8","  140","  140","10.3","12.5","    1",,,,,,
"USW00094789","JFK INTERNATIONAL AIRPORT, NY US","40.6386","-73.7622","3.4","2017-10-24","9.8",,"13.0","0.0","0.0","20.3","23.3","18.3","  160","  160","16.1","20.1","    1",,"    1",,,,
"USW00094789","JFK INTERNATIONAL AIRPORT, NY US","40.6386","-73.7622","3.4","2017-10-25","2.9",,"0.0","0.0","0.0","17.3","18.9","14.4","  330","  330","8.1","9.8","    1",,,,,,
"USW00094789","JFK INTERNATIONAL AIRPORT, NY US","40.6386","-73.7622","3.4","2017-10-26","6.4",,"0.0","0.0","0.0","13.8","15.0","10.0","  270","  290","9.8","13.0",,,,,,,
"USW00094789","JFK INTERNATIONAL AIRPORT, NY US","40.6386","-73.7622","3.4","2017-10-27","4.3",,"0.0","0.0","0.0","12.0","16.1","7.8","  220","  200","6.7","8.9",,,,,,,
"USW00094789","JFK INTERNATIONAL AIRPORT, NY US","40.6386","-73.7622","3.4","2017-10-28","5.2",,"0.0","0.0","0.0","15.4","20.0","10.0","  160","  180","10.3","12.1",,,,,,,
"USW00094789","JFK INTERNATIONAL AIRPORT, NY US","40.6386","-73.7622","3.4","2017-10-29","7.7",,"72.1","0.0","0.0","17.2","19.4","15.6","  240","  140","17.0","20.6","    1",,"    1",,,,
"USW00094789","JFK INTERNATIONAL AIRPORT, NY US","40.6386","-73.7622","3.4","2017-10-30","8.9",,"9.1","0.0","0.0","13.8","16.7","8.3","  270","  290","15.7","19.2","    1",,,,,,
"USW00094789","JFK INTERNATIONAL AIRPORT, NY US","40.6386","-73.7622","3.4","2017-10-31","6.7",,"0.0","0.0","0.0","11.8","15.0","6.7","  260","  250","10.3","14.3",,,,,,"    1",
"USW00094789","JFK INTERNATIONAL AIRPORT, NY US","40.6386","-73.7622","3.4","2017-11-01","2.6",,"0.0","0.0","0.0","9.5","16.1","3.3","  150","  130","5.4","7.2",,,,,,"    1",
"USW00094789","JFK INTERNATIONAL AIRPORT, NY US","40.6386","-73.7622","3.4","2017-11-02","4.2",,"0.0","0.0","0.0","17.0","21.7","15.6","  170","  190","8.1","9.8","    1","    1",,,,,
"USW00094789","JFK INTERNATIONAL AIRPORT, NY US","40.6386","-73.7622","3.4","2017-11-03","4.9",,"0.0","0.0","0.0","17.7","22.8","10.6","  340","  340","12.5","14.8","    1",,,,,,
"USW00094789","JFK INTERNATIONAL AIRPORT, NY US","40.6386","-73.7622","3.4","2017-11-04","3.8",,"0.0","0.0","0.0","11.4","13.9","6.7","  360","  360","9.4","11.6",,,,,,,
"USW00094789","JFK INTERNATIONAL AIRPORT, NY US","40.6386","-73.7622","3.4","2017-11-05","3.9",,"1.3","0.0","0.0","12.6","16.1","10.6","  120","  120","5.8","7.6","    1","    1",,,,,
"USW00094789","JFK INTERNATIONAL AIRPORT, NY US","40.6386","-73.7622","3.4","2017-11-06","5.6",,"0.0","0.0","0.0","16.5","18.9","8.3","  310","  330","9.4","12.5","    1","    1",,,,,
"USW00094789","JFK INTERNATIONAL AIRPORT, NY US","40.6386","-73.7622","3.4","2017-11-07","5.4",,"19.8","0.0","0.0","8.7","10.0","5.0","   10","   20","9.4","11.6","    1",,,,,,
"USW00094789","JFK INTERNATIONAL AIRPORT, NY US","40.6386","-73.7622","3.4","2017-11-08","4.9",,"0.0","0.0","0.0","6.3","8.9","5.0","   20","   20","9.4","12.1",,,,,,,
"USW00094789","JFK INTERNATIONAL AIRPORT, NY US","40.6386","-73.7622","3.4","2017-11-09","3.2",,"0.0","0.0","0.0","7.9","12.8","3.3","  240","  210","7.6","9.4",,,,,,,
"USW00094789","JFK INTERNATIONAL AIRPORT, NY US","40.6386","-73.7622","3.4","2017-11-10","9.3",,"0.0","0.0","0.0","6.4","11.7","-3.8","  340","  310","14.3","18.8","    1",,,,,,
"USW00094789","JFK INTERNATIONAL AIRPORT, NY US","40.6386","-73.7622","3.4","2017-11-11","3.9",,"0.0","0.0","0.0","-1.4","3.3","-4.3","  320","  310","9.8","13.0",,,,,,,
"USW00094789","JFK INTERNATIONAL AIRPORT, NY US","40.6386","-73.7622","3.4","2017-11-12","1.8",,"0.0","0.0","0.0","2.4","7.8","-1.6","  200","  210","3.6","4.5",,,,,,,
"USW00094789","JFK INTERNATIONAL AIRPORT, NY US","40.6386","-73.7622","3.4","2017-11-13","4.0",,"0.8","0.0","0.0","6.2","8.3","3.3","   20","  360","7.2","8.5",,,,,,,
"USW00094789","JFK INTERNATIONAL AIRPORT, NY US","40.6386","-73.7622","3.4","2017-11-14","4.4",,"0.0","0.0","0.0","5.2","7.8","2.2","   30","   30","7.2","8.1",,,,,,,
"USW00094789","JFK INTERNATIONAL AIRPORT, NY US","40.6386","-73.7622","3.4","2017-11-15","4.1",,"0.0","0.0","0.0","6.3","10.6","2.2","  140","  140","6.7","8.5",,,,,,,
"USW00094789","JFK INTERNATIONAL AIRPORT, NY US","40.6386","-73.7622","3.4","2017-11-16","7.3",,"3.3","0.0","0.0","11.1","13.9","6.7","  270","  270","13.9","17.4","    1",,,,,,
"USW00094789","JFK INTERNATIONAL AIRPORT, NY US","40.6386","-73.7622","3.4","2017-11-17","8.0",,"0.0","0.0","0.0","7.1","8.9","3.3","  320","  330","13.4","17.0",,,,,,,
"USW00094789","JFK INTERNATIONAL AIRPORT, NY US","40.6386","-73.7622","3.4","2017-11-18","5.9",,"5.1","0.0","0.0","5.7","13.9","-2.1","  190","  190","11.6","15.7","    1",,,,,"    1",
"USW00094789","JFK INTERNATIONAL AIRPORT, NY US","40.6386","-73.7622","3.4","2017-11-19","9.8",,"6.4","0.0","0.0","11.7","14.4","4.4","  300","  300","16.5","22.4","    1",,,,,,
"USW00094789","JFK INTERNATIONAL AIRPORT, NY US","40.6386","-73.7622","3.4","2017-11-20","7.7",,"0.0","0.0","0.0","5.8","8.3","2.8","  270","  280","11.6","14.3",,,,,,,
"USW00094789","JFK INTERNATIONAL AIRPORT, NY US","40.6386","-73.7622","3.4","2017-11-21","6.6",,"0.0","0.0","0.0","8.6","13.9","4.4","  190","  210","10.3","12.1",,,,,,,
"USW00094789","JFK INTERNATIONAL AIRPORT, NY US","40.6386","-73.7622","3.4","2017-11-22","5.5",,"8.9","0.0","0.0","10.1","12.2","1.7","  310","  300","13.4","17.0","    1",,,,,,
"USW00094789","JFK INTERNATIONAL AIRPORT, NY US","40.6386","-73.7622","3.4","2017-11-23","4.4",,"0.0","0.0","0.0","2.7","6.1","-0.5","  310","  340","10.3","11.6",,,,,,,
"USW00094789","JFK INTERNATIONAL AIRPORT, NY US","40.6386","-73.7622","3.4","2017-11-24","3.6",,"0.0","0.0","0.0","4.4","8.9","0.6","  200","  240","6.3","8.1",,,,,,,
"USW00094789","JFK INTERNATIONAL AIRPORT, NY US","40.6386","-73.7622","3.4","2017-11-25","4.3",,"0.0","0.0","0.0","7.2","12.2","2.8","  230","  240","7.2","8.1",,,,,,,
"USW00094789","JFK INTERNATIONAL AIRPORT, NY US","40.6386","-73.7622","3.4","2017-11-26","6.8",,"0.0","0.0","0.0","9.0","11.1","4.4","  320","  310","13.4","16.5",,,,,,,
"USW00094789","JFK INTERNATIONAL AIRPORT, NY US","40.6386","-73.7622","3.4","2017-11-27","6.0",,"0.0","0.0","0.0","6.7","11.1","3.3","  300","  310","10.3","12.5",,,,,,,
"USW00094789","JFK INTERNATIONAL AIRPORT, NY US","40.6386","-73.7622","3.4","2017-11-28","4.4",,"0.0","0.0","0.0","5.4","11.1","-0.5","  190","  190","9.4","11.6",,,,,,,
"USW00094789","JFK INTERNATIONAL AIRPORT, NY US","40.6386","-73.7622","3.4","2017-11-29","6.5",,"0.0","0.0","0.0","11.3","17.8","4.4","  330","  340","11.6","14.3",,,,,,,
"USW00094789","JFK INTERNATIONAL AIRPORT, NY US","40.6386","-73.7622","3.4","2017-11-30","3.0",,"0.3","0.0","0.0","6.3","11.7","1.7","   40","   50","6.7","7.6",,,,,,,
"USW00094789","JFK INTERNATIONAL AIRPORT, NY US","40.6386","-73.7622","3.4","2017-12-01","4.7",,"0.3","0.0","0.0","9.7","11.7","3.3","  320","  320","9.4","11.6",,,,,,,
"USW00094789","JFK INTERNATIONAL AIRPORT, NY US","40.6386","-73.7622","3.4","2017-12-02","1.9",,"0.0","0.0","0.0","5.5","9.4","1.7","  200","  190","4.5","5.8",,,,,,,
"USW00094789","JFK INTERNATIONAL AIRPORT, NY US","40.6386","-73.7622","3.4","2017-12-03","2.4",,"0.0","0.0","0.0","6.1","9.4","2.8","   70","   60","4.0","4.9",,,,,,,
"USW00094789","JFK INTERNATIONAL AIRPORT, NY US","40.6386","-73.7622","3.4","2017-12-04","3.4",,"0.0","0.0","0.0","6.4","10.6","1.7","  160","  170","6.7","8.5","    1",,,,,,
"USW00094789","JFK INTERNATIONAL AIRPORT, NY US","40.6386","-73.7622","3.4","2017-12-05","8.7",,"7.6","0.0","0.0","11.4","14.4","10.0","  180","  190","12.5","17.9","    1",,,,,,
"USW00094789","JFK INTERNATIONAL AIRPORT, NY US","40.6386","-73.7622","3.4","2017-12-06","6.6",,"0.3","0.0","0.0","9.2","13.3","4.4","  290","  290","14.3","17.4","    1",,,,,,
"USW00094789","JFK INTERNATIONAL AIRPORT, NY US","40.6386","-73.7622","3.4","2017-12-07","7.3",,"0.0","0.0","0.0","5.3","7.2","3.3","  260","  290","11.6","14.8",,,,,,,
"USW00094789","JFK INTERNATIONAL AIRPORT, NY US","40.6386","-73.7622","3.4","2017-12-08","4.3",,"0.0","0.0","0.0","3.4","4.4","1.7","  270","  280","7.2","9.8",,,,,,,
"USW00094789","JFK INTERNATIONAL AIRPORT, NY US","40.6386","-73.7622","3.4","2017-12-09","3.9",,"8.4","86.0","0.0","1.4","2.8","-1.0","  360","   10","7.6","10.3","    1",,,,,,
"USW00094789","JFK INTERNATIONAL AIRPORT, NY US","40.6386","-73.7622","3.4","2017-12-10","7.0",,"0.0","0.0","80.0","0.8","3.3","-1.0","  260","  250","10.7","13.0",,,,,,,
"USW00094789","JFK INTERNATIONAL AIRPORT, NY US","40.6386","-73.7622","3.4","2017-12-11","5.1",,"0.0","0.0","50.0","2.5","5.0","0.6","  250","  250","11.6","14.3",,,,,,,
"USW00094789","JFK INTERNATIONAL AIRPORT, NY US","40.6386","-73.7622","3.4","2017-12-12","8.5",,"0.0","0.0","0.0","6.7","11.7","-0.5","  300","  290","14.3","18.3",,,,,,,
"USW00094789","JFK INTERNATIONAL AIRPORT, NY US","40.6386","-73.7622","3.4","2017-12-13","10.7",,"0.0","0.0","0.0","-2.1","0.0","-6.6","  280","  290","16.1","20.1",,,,,,,
"USW00094789","JFK INTERNATIONAL AIRPORT, NY US","40.6386","-73.7622","3.4","2017-12-14","5.4",,"1.5","36.0","30.0","-2.6","0.0","-5.5","  300","  280","10.7","13.9","    1",,,,,,
"USW00094789","JFK INTERNATIONAL AIRPORT, NY US","40.6386","-73.7622","3.4","2017-12-15","3.0",,"2.5","33.0","0.0","-4.4","-2.1","-6.6","  270","  270","8.9","10.3","    1",,,,,,
"USW00094789","JFK INTERNATIONAL AIRPORT, NY US","40.6386","-73.7622","3.4","2017-12-16","6.8",,"0.0","0.0","30.0","-1.3","3.9","-4.3","  250","  250","10.7","13.0",,,,,,,
"USW00094789","JFK INTERNATIONAL AIRPORT, NY US","40.6386","-73.7622","3.4","2017-12-17","2.2",,"0.0","0.0","0.0","1.6","2.8","0.0","  340","  330","5.8","7.2",,,,,,,
"USW00094789","JFK INTERNATIONAL AIRPORT, NY US","40.6386","-73.7622","3.4","2017-12-18","3.4",,"0.5","0.0","0.0","3.1","8.9","0.6","  250","  250","6.7","8.1",,,,,,,
"USW00094789","JFK INTERNATIONAL AIRPORT, NY US","40.6386","-73.7622","3.4","2017-12-19","6.4",,"0.0","0.0","0.0","8.2","12.8","5.0","  260","  250","11.6","14.8",,,,,,,
"USW00094789","JFK INTERNATIONAL AIRPORT, NY US","40.6386","-73.7622","3.4","2017-12-20","7.2",,"0.0","0.0","0.0","7.6","10.6","1.1","  320","  320","13.9","17.0",,,,,,,
"USW00094789","JFK INTERNATIONAL AIRPORT, NY US","40.6386","-73.7622","3.4","2017-12-21","3.5",,"0.0","0.0","0.0","2.1","5.0","-1.0","  330","  330","7.2","9.4",,,,,,,
"USW00094789","JFK INTERNATIONAL AIRPORT, NY US","40.6386","-73.7622","3.4","2017-12-22","3.2",,"0.0","0.0","0.0","4.1","9.4","0.6","  160","  160","7.6","10.3","    1",,,,,,
"USW00094789","JFK INTERNATIONAL AIRPORT, NY US","40.6386","-73.7622","3.4","2017-12-23","4.3",,"15.7","0.0","0.0","6.7","11.1","3.9","  190","  190","13.0","16.1","    1",,,,,,
"USW00094789","JFK INTERNATIONAL AIRPORT, NY US","40.6386","-73.7622","3.4","2017-12-24","5.8",,"0.0","0.0","0.0","4.8","5.6","2.2","  330","  320","9.4","12.1","    1",,,,,,
"USW00094789","JFK INTERNATIONAL AIRPORT, NY US","40.6386","-73.7622","3.4","2017-12-25","10.0",,"4.3","0.0","0.0","2.7","4.4","-2.1","  270","  260","17.9","21.9","    1",,,,,,
"USW00094789","JFK INTERNATIONAL AIRPORT, NY US","40.6386","-73.7622","3.4","2017-12-26","7.8",,"0.0","0.0","0.0","-2.6","-1.6","-4.3","  270","  260","13.4","17.4",,,,,,,
"USW00094789","JFK INTERNATIONAL AIRPORT, NY US","40.6386","-73.7622","3.4","2017-12-27","5.9",,"0.0","0.0","0.0","-4.9","-3.8","-8.2","  320","  310","10.3","13.0",,,,,,,
"USW00094789","JFK INTERNATIONAL AIRPORT, NY US","40.6386","-73.7622","3.4","2017-12-28","8.7",,"0.0","0.0","0.0","-8.4","-7.1","-11.6","  320","  320","12.5","15.7",,,,,,,
"USW00094789","JFK INTERNATIONAL AIRPORT, NY US","40.6386","-73.7622","3.4","2017-12-29","5.5",,"0.0","0.0","0.0","-9.1","-4.9","-11.0","  290","  310","9.8","11.2",,,,,,,
"USW00094789","JFK INTERNATIONAL AIRPORT, NY US","40.6386","-73.7622","3.4","2017-12-30","4.1",,"0.8","15.0","0.0","-6.7","-4.9","-8.2","  280","  290","9.4","12.1","    1",,,,,,
"USW00094789","JFK INTERNATIONAL AIRPORT, NY US","40.6386","-73.7622","3.4","2017-12-31","8.3"," 0636","0.0","0.0","0.0","-8.1","-6.0","-12.7","  310","  310","13.9","17.4",,,,,,,
"USW00094789","JFK INTERNATIONAL AIRPORT, NY US","40.6386","-73.7622","3.4","2018-01-01","7.9",,"0.0","0.0","0.0","-11.3","-7.7","-13.8","  310","  310","13.0","15.2",,,,,,,
"USW00094789","JFK INTERNATIONAL AIRPORT, NY US","40.6386","-73.7622","3.4","2018-01-02","7.0",,"0.0","0.0","0.0","-7.6","-3.2","-10.5","  260","  270","10.3","13.0",,,,,,,
"USW00094789","JFK INTERNATIONAL AIRPORT, NY US","40.6386","-73.7622","3.4","2018-01-03","3.7",,"0.0","0.0","0.0","-6.1","-2.1","-11.0","  260","  270","8.9","10.3",,,,,,,
"USW00094789","JFK INTERNATIONAL AIRPORT, NY US","40.6386","-73.7622","3.4","2018-01-04","12.6",,"12.4","203.0","30.0","-4.0","-1.6","-7.1","  340","  330","19.7","24.6","    1","    1",,,,,"    1"
"USW00094789","JFK INTERNATIONAL AIRPORT, NY US","40.6386","-73.7622","3.4","2018-01-05","11.2",,"0.0","0.0","200.0","-9.2","-7.1","-12.7","  290","  290","16.1","20.6",,,,,,,"    1"
"USW00094789","JFK INTERNATIONAL AIRPORT, NY US","40.6386","-73.7622","3.4","2018-01-06","9.9",,"0.0","0.0","200.0","-11.6","-9.9","-13.8","  300","  270","13.9","17.4",,,,,,,
"USW00094789","JFK INTERNATIONAL AIRPORT, NY US","40.6386","-73.7622","3.4","2018-01-07","6.2",,"0.0","0.0","200.0","-12.6","-7.7","-15.5","  320","  320","10.7","13.9",,,,,,,
"USW00094789","JFK INTERNATIONAL AIRPORT, NY US","40.6386","-73.7622","3.4","2018-01-08","6.0",,"0.5","0.0","200.0","-5.7","0.0","-8.2","  230","  220","10.3","11.6",,,,"    1","    1",,
"USW00094789","JFK INTERNATIONAL AIRPORT, NY US","40.6386","-73.7622","3.4","2018-01-09","6.0",,"0.0","0.0","180.0","1.1","6.1","-3.2","  310","  310","11.6","13.4",,,,,,,
"USW00094789","JFK INTERNATIONAL AIRPORT, NY US","40.6386","-73.7622","3.4","2018-01-10","2.2",,"0.0","0.0","130.0","-0.1","3.9","-6.0","  170","  130","4.0","5.4",,,,,,,
"USW00094789","JFK INTERNATIONAL AIRPORT, NY US","40.6386","-73.7622","3.4","2018-01-11","1.3",,"0.0","0.0","80.0","5.1","8.9","2.8","  190","  180","5.8","7.2","    1",,,,,,
"USW00094789","JFK INTERNATIONAL AIRPORT, NY US","40.6386","-73.7622","3.4","2018-01-12","7.2",,"11.4","0.0","30.0","8.5","12.2","5.6","  170","  170","13.0","17.0","    1","    1",,,,,
"USW00094789","JFK INTERNATIONAL AIRPORT, NY US","40.6386","-73.7622","3.4","2018-01-13","9.2",,"2.0","0.0","0.0","5.2","11.7","-6.6","  180","  180","14.8","17.9","    1","    1",,,,,
"USW00094789","JFK INTERNATIONAL AIRPORT, NY US","40.6386","-73.7622","3.4","2018-01-14","7.0",,"0.0","0.0","0.0","-6.6","-3.8","-9.3","  330","   10","10.3","12.1",,,,,,,
"USW00094789","JFK INTERNATIONAL AIRPORT, NY US","40.6386","-73.7622","3.4","2018-01-15","5.3",,"0.0","0.0","0.0","-5.8","-1.0","-8.2","   30","   40","8.9","10.7",,,,,,,
"USW00094789","JFK INTERNATIONAL AIRPORT, NY US","40.6386","-73.7622","3.4","2018-01-16","2.8",,"0.0","0.0","0.0","-1.8","3.9","-6.0","   30","   90","4.5","5.4",,,,,,,
"USW00094789","JFK INTERNATIONAL AIRPORT, NY US","40.6386","-73.7622","3.4","2018-01-17","5.1",,"5.6","5.0","0.0","1.4","2.8","-4.9","  320","  320","8.9","10.3","    1",,,,,,
"USW00094789","JFK INTERNATIONAL AIRPORT, NY US","40.6386","-73.7622","3.4","2018-01-18","6.7",,"0.0","0.0","0.0","-3.3","1.1","-7.1","  330","  330","9.4","12.1",,,,,,,
"USW00094789","JFK INTERNATIONAL AIRPORT, NY US","40.6386","-73.7622","3.4","2018-01-19","4.6",,"0.0","0.0","0.0","-1.2","3.3","-5.5","  260","  260","7.2","8.9",,,,,,,
"USW00094789","JFK INTERNATIONAL AIRPORT, NY US","40.6386","-73.7622","3.4","2018-01-20","6.0",,"0.0","0.0","0.0","4.2","12.2","-1.6","  270","  270","11.2","13.9",,,,,,,
"USW00094789","JFK INTERNATIONAL AIRPORT, NY US","40.6386","-73.7622","3.4","2018-01-21","3.0",,"0.0","0.0","0.0","5.1","10.6","-1.0","  340","  330","6.3","7.6",,,,,,,
"USW00094789","JFK INTERNATIONAL AIRPORT, NY US","40.6386","-73.7622","3.4","2018-01-22","2.4",,"0.0","0.0","0.0","6.7","11.1","4.4","   80","   90","7.2","8.9","    1","    1",,,,,
"USW00094789","JFK INTERNATIONAL AIRPORT, NY US","40.6386","-73.7622","3.4","2018-01-23","6.3",,"5.6","0.0","0.0","7.7","12.2","4.4","  210","  210","13.4","16.5","    1","    1","    1",,,,
"USW00094789","JFK INTERNATIONAL AIRPORT, NY US","40.6386","-73.7622","3.4","2018-01-24","7.7",,"0.0","0.0","0.0","5.7","6.7","-2.7","  310","  290","11.2","14.3",,,,,,,
"USW00094789","JFK INTERNATIONAL AIRPORT, NY US","40.6386","-73.7622","3.4","2018-01-25","6.9",,"0.0","0.0","0.0","-1.7","1.7","-4.9","  320","  310","10.7","13.9",,,,,,,
"USW00094789","JFK INTERNATIONAL AIRPORT, NY US","40.6386","-73.7622","3.4","2018-01-26","3.8",,"0.0","0.0","0.0","-1.3","2.2","-4.3","  200","  190","7.2","8.5",,,,,,,
"USW00094789","JFK INTERNATIONAL AIRPORT, NY US","40.6386","-73.7622","3.4","2018-01-27","5.3",,"0.0","0.0","0.0","3.3","9.4","-0.5","  190","  190","9.8","11.6",,,,,,,
"USW00094789","JFK INTERNATIONAL AIRPORT, NY US","40.6386","-73.7622","3.4","2018-01-28","2.3",,"6.6","0.0","0.0","8.0","10.0","5.6","  190","  190","6.7","8.5","    1",,,,,,
"USW00094789","JFK INTERNATIONAL AIRPORT, NY US","40.6386","-73.7622","3.4","2018-01-29","6.8",,"0.0","3.0","0.0","5.8","6.7","0.0","   40","   50","9.8","12.5","    1",,,,,,
"USW00094789","JFK INTERNATIONAL AIRPORT, NY US","40.6386","-73.7622","3.4","2018-01-30","6.8",,"2.5","36.0","30.0","0.7","2.2","-4.3","  320","  330","13.0","16.5","    1",,,,,,
"USW00094789","JFK INTERNATIONAL AIRPORT, NY US","40.6386","-73.7622","3.4","2018-01-31","6.2",,"0.0","0.0","0.0","-3.9","0.0","-7.7","  210","  210","10.7","13.0",,,,,,,
"USW00094789","JFK INTERNATIONAL AIRPORT, NY US","40.6386","-73.7622","3.4","2018-02-01","3.7",,"1.3","0.0","0.0","1.7","5.0","-0.5","  210","  210","7.2","8.9","    1",,,,,,
"USW00094789","JFK INTERNATIONAL AIRPORT, NY US","40.6386","-73.7622","3.4","2018-02-02","9.0",,"5.3","0.0","0.0","0.3","4.4","-8.2","  310","  320","15.7","19.7","    1",,,,,,
"USW00094789","JFK INTERNATIONAL AIRPORT, NY US","40.6386","-73.7622","3.4","2018-02-03","7.0",,"0.0","0.0","0.0","-5.7","-1.0","-8.8","  310","  310","13.0","17.0",,,,,,,
"USW00094789","JFK INTERNATIONAL AIRPORT, NY US","40.6386","-73.7622","3.4","2018-02-04","4.6",,"24.4","0.0","0.0","1.7","8.3","-1.0","  320","  330","9.8","10.7","    1",,,,,,
"USW00094789","JFK INTERNATIONAL AIRPORT, NY US","40.6386","-73.7622","3.4","2018-02-05","6.9",,"0.0","0.0","0.0","3.1","6.1","-4.9","  310","  310","14.3","17.4","    1",,,,,,
"USW00094789","JFK INTERNATIONAL AIRPORT, NY US","40.6386","-73.7622","3.4","2018-02-06","2.6",,"0.0","0.0","0.0","-1.2","2.2","-3.8","  270","  220","5.8","6.3",,,,,,,
"USW00094789","JFK INTERNATIONAL AIRPORT, NY US","40.6386","-73.7622","3.4","2018-02-07","5.6",,"21.3","8.0","0.0","0.3","7.8","-2.7","  310","  310","15.7","20.6","    1",,,"    1","    1",,
"USW00094789","JFK INTERNATIONAL AIRPORT, NY US","40.6386","-73.7622","3.4","2018-02-08","6.0",,"0.0","0.0","0.0","0.6","1.1","-3.2","  330","  330","12.5","15.7",,,,,,,
"USW00094789","JFK INTERNATIONAL AIRPORT, NY US","40.6386","-73.7622","3.4","2018-02-09","4.5",,"0.0","0.0","0.0","-1.5","3.3","-4.3","  180","  180","9.8","11.6",,,,,,,
"USW00094789","JFK INTERNATIONAL AIRPORT, NY US","40.6386","-73.7622","3.4","2018-02-10","2.0",,"6.9","0.0","0.0","5.1","9.4","1.7","  270","  270","5.4","7.6","    1","    1",,,,,
"USW00094789","JFK INTERNATIONAL AIRPORT, NY US","40.6386","-73.7622","3.4","2018-02-11","4.0",,"28.7","0.0","0.0","8.2","10.6","6.7","  190","  190","11.2","13.9","    1","    1",,,,,
"USW00094789","JFK INTERNATIONAL AIRPORT, NY US","40.6386","-73.7622","3.4","2018-02-12","6.6",,"0.0","0.0","0.0","7.9","14.4","0.6","  320","  330","11.6","14.3","    1","    1",,,,,
"USW00094789","JFK INTERNATIONAL AIRPORT, NY US","40.6386","-73.7622","3.4","2018-02-13","4.4",,"0.0","0.0","0.0","0.1","2.2","-3.8","  350","  360","10.3","12.5",,,,,,,
"USW00094789","JFK INTERNATIONAL AIRPORT, NY US","40.6386","-73.7622","3.4","2018-02-14","4.0",,"1.5","0.0","0.0","3.0","8.3","0.6","  190","  190","7.2","8.5","    1",,,,,,
"USW00094789","JFK INTERNATIONAL AIRPORT, NY US","40.6386","-73.7622","3.4","2018-02-15","2.6",,"3.8","0.0","0.0","7.0","11.1","5.0","  200","  230","5.8","6.3","    1",,,,,,
"USW00094789","JFK INTERNATIONAL AIRPORT, NY US","40.6386","-73.7622","3.4","2018-02-16","6.0",,"2.8","0.0","0.0","10.6","15.0","2.2","  330","  330","16.1","19.2","    1","    1",,,,,
"USW00094789","JFK INTERNATIONAL AIRPORT, NY US","40.6386","-73.7622","3.4","2018-02-17","4.3",,"12.2","56.0","0.0","1.9","3.3","-2.1","  310","  300","9.4","10.7","    1",,,,,,
"USW00094789","JFK INTERNATIONAL AIRPORT, NY US","40.6386","-73.7622","3.4","2018-02-18","4.8",,"0.5","3.0","50.0","2.6","7.2","0.0","  330","  310","14.3","17.9","    1",,,,,,
"USW00094789","JFK INTERNATIONAL AIRPORT, NY US","40.6386","-73.7622","3.4","2018-02-19","3.8",,"0.3","0.0","0.0","3.9","8.3","-1.0","  170","  160","7.2","8.5","    1","    1",,,,,
"USW00094789","JFK INTERNATIONAL AIRPORT, NY US","40.6386","-73.7622","3.4","2018-02-20","3.1",,"0.0","0.0","0.0","9.7","17.8","6.1","  250","  230","7.2","9.4","    1","    1",,,,,
"USW00094789","JFK INTERNATIONAL AIRPORT, NY US","40.6386","-73.7622","3.4","2018-02-21","4.0",,"0.8","0.0","0.0","10.5","18.3","6.7","  330","  340","8.9","10.3","    1","    1",,,,,
"USW00094789","JFK INTERNATIONAL AIRPORT, NY US","40.6386","-73.7622","3.4","2018-02-22","6.2",,"2.8","0.0","0.0","9.6","14.4","2.8","   50","   40","10.3","13.4","    1",,,,,,
"USW00094789","JFK INTERNATIONAL AIRPORT, NY US","40.6386","-73.7622","3.4","2018-02-23","4.0",,"3.0","0.0","0.0","3.1","4.4","2.2","  100","  100","7.2","9.4","    1",,,,,,
"USW00094789","JFK INTERNATIONAL AIRPORT, NY US","40.6386","-73.7622","3.4","2018-02-24","4.2",,"2.0","0.0","0.0","7.4","12.2","4.4","   40","   40","7.6","9.4","    1",,,,,,
"USW00094789","JFK INTERNATIONAL AIRPORT, NY US","40.6386","-73.7622","3.4","2018-02-25","5.2",,"33.0","0.0","0.0","6.4","7.2","5.0","   80","   90","11.6","16.1","    1",,,,,,
"USW00094789","JFK INTERNATIONAL AIRPORT, NY US","40.6386","-73.7622","3.4","2018-02-26","3.9",,"0.0","0.0","0.0","7.1","11.1","3.9","  330","  330","9.4","13.9","    1",,,,,,
"USW00094789","JFK INTERNATIONAL AIRPORT, NY US","40.6386","-73.7622","3.4","2018-02-27","5.2",,"0.0","0.0","0.0","7.0","12.2","2.2","  190","  180","9.4","11.6",,,,,,,
"USW00094789","JFK INTERNATIONAL AIRPORT, NY US","40.6386","-73.7622","3.4","2018-02-28","3.8",,"0.0","0.0","0.0","6.2","11.7","2.2","  200","  190","6.7","8.1",,,,,,,
"USW00094789","JFK INTERNATIONAL AIRPORT, NY US","40.6386","-73.7622","3.4","2018-03-01","3.9",,"14.5","0.0","0.0","9.4","14.4","5.0","   80","   60","10.3","13.0","    1",,,,,,
"USW00094789","JFK INTERNATIONAL AIRPORT, NY US","40.6386","-73.7622","3.4","2018-03-02","13.4",,"54.9","0.0","0.0","4.9","7.2","1.1","  330","  340","22.8","29.5","    1",,,"    1",,,
"USW00094789","JFK INTERNATIONAL AIRPORT, NY US","40.6386","-73.7622","3.4","2018-03-03","12.7",,"0.0","0.0","0.0","4.7","8.9","2.2","  350","  340","17.4","22.8",,,,,,,
"USW00094789","JFK INTERNATIONAL AIRPORT, NY US","40.6386","-73.7622","3.4","2018-03-04","9.7",,"0.0","0.0","0.0","5.1","7.2","1.1","  360","   20","13.4","17.4",,,,,,,
"USW00094789","JFK INTERNATIONAL AIRPORT, NY US","40.6386","-73.7622","3.4","2018-03-05","8.7",,"0.0","3.0","0.0","2.6","5.6","0.0","  350","  340","13.0","15.2",,,,,,,
"USW00094789","JFK INTERNATIONAL AIRPORT, NY US","40.6386","-73.7622","3.4","2018-03-06","4.6",,"0.0","0.0","0.0","2.9","6.1","-1.0","  110","  110","8.1","10.3",,,,,,,
"USW00094789","JFK INTERNATIONAL AIRPORT, NY US","40.6386","-73.7622","3.4","2018-03-07","8.3",,"25.9","71.0","0.0","2.0","2.8","0.0","  360","  360","16.1","21.0","    1","    1",,,,,
"USW00094789","JFK INTERNATIONAL AIRPORT, NY US","40.6386","-73.7622","3.4","2018-03-08","6.8",,"0.0","0.0","30.0","2.4","5.0","0.6","  270","  270","9.8","11.6","    1",,,,,,
"USW00094789","JFK INTERNATIONAL AIRPORT, NY US","40.6386","-73.7622","3.4","2018-03-09","8.4",,"0.0","0.0","0.0","2.1","6.7","-1.0","  270","  290","13.4","16.5",,,,,,,
"USW00094789","JFK INTERNATIONAL AIRPORT, NY US","40.6386","-73.7622","3.4","2018-03-10","7.3",,"0.0","0.0","0.0","2.3","5.6","0.0","  270","  270","10.7","13.4",,,,,,,
"USW00094789","JFK INTERNATIONAL AIRPORT, NY US","40.6386","-73.7622","3.4","2018-03-11","5.2",,"0.0","0.0","0.0","3.3","7.8","0.0","  300","  320","10.3","12.5",,,,,,,
"USW00094789","JFK INTERNATIONAL AIRPORT, NY US","40.6386","-73.7622","3.4","2018-03-12","6.0",,"0.8","0.0","0.0","3.1","7.2","-1.0","   60","   60","10.7","13.4",,,,,,,
"USW00094789","JFK INTERNATIONAL AIRPORT, NY US","40.6386","-73.7622","3.4","2018-03-13","9.0",,"5.3","30.0","30.0","2.1","5.6","0.6","  310","  310","13.9","17.0","    1",,,,,,
"USW00094789","JFK INTERNATIONAL AIRPORT, NY US","40.6386","-73.7622","3.4","2018-03-14","10.1",,"0.0","0.0","0.0","1.9","5.6","-0.5","  270","  270","14.3","17.4",,,,,,,
"USW00094789","JFK INTERNATIONAL AIRPORT, NY US","40.6386","-73.7622","3.4","2018-03-15","8.8",,"0.0","0.0","0.0","3.2","8.9","0.0","  260","  290","12.5","15.7",,,,,,,
"USW00094789","JFK INTERNATIONAL AIRPORT, NY US","40.6386","-73.7622","3.4","2018-03-16","9.2",,"0.0","0.0","0.0","2.7","5.0","-0.5","  310","  320","14.8","17.9",,,,,,,
"USW00094789","JFK INTERNATIONAL AIRPORT, NY US","40.6386","-73.7622","3.4","2018-03-17","7.4",,"0.0","0.0","0.0","2.1","10.0","-2.7","  270","  270","12.5","15.2",,,,,,,
"USW00094789","JFK INTERNATIONAL AIRPORT, NY US","40.6386","-73.7622","3.4","2018-03-18","5.9",,"0.0","0.0","0.0","2.3","6.7","-2.1","  330","  330","12.5","14.8",,,,,,,
"USW00094789","JFK INTERNATIONAL AIRPORT, NY US","40.6386","-73.7622","3.4","2018-03-19","3.1",,"0.0","0.0","0.0","3.3","8.3","-1.6","  320","   10","7.2","9.4",,,,,,,
"USW00094789","JFK INTERNATIONAL AIRPORT, NY US","40.6386","-73.7622","3.4","2018-03-20","5.3",,"0.8","0.0","0.0","1.3","2.8","-1.0","   50","   50","9.8","12.1",,,,"    1",,,
"USW00094789","JFK INTERNATIONAL AIRPORT, NY US","40.6386","-73.7622","3.4","2018-03-21","8.5",,"22.4","213.0","0.0","1.4","3.3","-0.5","   40","   40","14.3","17.9","    1",,,"    1",,,
"USW00094789","JFK INTERNATIONAL AIRPORT, NY US","40.6386","-73.7622","3.4","2018-03-22","7.9",,"0.8","8.0","230.0","2.8","8.9","-0.5","  340","  330","11.2","14.8","    1",,,,,,
"USW00094789","JFK INTERNATIONAL AIRPORT, NY US","40.6386","-73.7622","3.4","2018-03-23","5.4",,"0.0","0.0","130.0","4.9","9.4","0.6","  340","  340","10.3","14.3",,,,,,,
"USW00094789","JFK INTERNATIONAL AIRPORT, NY US","40.6386","-73.7622","3.4","2018-03-24","5.8",,"0.0","0.0","50.0","5.8","10.6","1.7","  330","  330","8.9","11.2",,,,,,,
"USW00094789","JFK INTERNATIONAL AIRPORT, NY US","40.6386","-73.7622","3.4","2018-03-25","5.9",,"0.0","0.0","0.0","4.5","7.2","0.0","   50","   60","10.3","13.0",,,,,,,
"USW00094789","JFK INTERNATIONAL AIRPORT, NY US","40.6386","-73.7622","3.4","2018-03-26","4.0",,"0.0","0.0","0.0","3.1","8.3","-1.6","   50","   60","9.4","11.6",,,,,,,
"USW00094789","JFK INTERNATIONAL AIRPORT, NY US","40.6386","-73.7622","3.4","2018-03-27","2.8",,"0.0","0.0","0.0","2.3","5.6","-1.0","   70","   70","5.8","7.6",,,,,,,
"USW00094789","JFK INTERNATIONAL AIRPORT, NY US","40.6386","-73.7622","3.4","2018-03-28","3.3",,"0.8","0.0","0.0","4.8","9.4","2.8","  210","  210","7.2","8.1","    1",,,,,,
"USW00094789","JFK INTERNATIONAL AIRPORT, NY US","40.6386","-73.7622","3.4","2018-03-29","2.5",,"0.8","0.0","0.0","7.7","9.4","6.7","  100","  100","6.7","8.1","    1","    1",,,,,
"USW00094789","JFK INTERNATIONAL AIRPORT, NY US","40.6386","-73.7622","3.4","2018-03-30","6.2",,"2.3","0.0","0.0","9.7","16.7","6.1","  320","  330","10.7","13.9","    1",,,,,,
"USW00094789","JFK INTERNATIONAL AIRPORT, NY US","40.6386","-73.7622","3.4","2018-03-31","7.1",,"0.0","0.0","0.0","7.3","11.1","2.8","  190","  190","11.2","14.3",,,,,,,
"USW00094789","JFK INTERNATIONAL AIRPORT, NY US","40.6386","-73.7622","3.4","2018-04-01","5.7",,"0.0","0.0","0.0","8.9","17.2","5.0","  190","  190","10.7","12.5",,,,,,,
"USW00094789","JFK INTERNATIONAL AIRPORT, NY US","40.6386","-73.7622","3.4","2018-04-02","4.2",,"8.4","94.0","50.0","3.9","5.6","0.0","   20","  360","8.1","9.8","    1",,,,,,
"USW00094789","JFK INTERNATIONAL AIRPORT, NY US","40.6386","-73.7622","3.4","2018-04-03","3.6",,"3.6","0.0","0.0","3.8","5.6","1.1","  110","  130","7.6","8.9","    1",,,,,,
"USW00094789","JFK INTERNATIONAL AIRPORT, NY US","40.6386","-73.7622","3.4","2018-04-04","7.8",,"4.3","0.0","0.0","7.7","13.9","4.4","  270","  270","17.0","23.3","    1","    1",,,,,
"USW00094789","JFK INTERNATIONAL AIRPORT, NY US","40.6386","-73.7622","3.4","2018-04-05","8.2",,"0.0","0.0","0.0","4.9","7.8","0.6","  270","  300","13.0","17.0",,,,,,,
"USW00094789","JFK INTERNATIONAL AIRPORT, NY US","40.6386","-73.7622","3.4","2018-04-06","5.4",,"2.0","0.0","0.0","5.2","11.7","0.0","  190","  190","13.4","15.7","    1",,,,,,
"USW00094789","JFK INTERNATIONAL AIRPORT, NY US","40.6386","-73.7622","3.4","2018-04-07","5.8",,"0.0","0.0","0.0","6.6","8.9","2.8","  320","  310","11.2","13.4",,,,,,,
"USW00094789","JFK INTERNATIONAL AIRPORT, NY US","40.6386","-73.7622","3.4","2018-04-08","7.9",,"0.0","0.0","0.0","3.6","7.8","0.0","  300","  290","13.0","17.0",,,,,,,
"USW00094789","JFK INTERNATIONAL AIRPORT, NY US","40.6386","-73.7622","3.4","2018-04-09","5.6",,"0.0","0.0","0.0","2.7","7.2","-1.0","  180","  190","9.8","11.6",,,,,,,
"USW00094789","JFK INTERNATIONAL AIRPORT, NY US","40.6386","-73.7622","3.4","2018-04-10","4.7",,"0.3","0.0","0.0","5.4","10.6","2.8","  330","  300","8.9","12.5","    1",,,,,"    1",
"USW00094789","JFK INTERNATIONAL AIRPORT, NY US","40.6386","-73.7622","3.4","2018-04-11","4.6",,"0.0","0.0","0.0","5.6","9.4","-0.5","  180","  180","9.4","10.3",,,,,,,
"USW00094789","JFK INTERNATIONAL AIRPORT, NY US","40.6386","-73.7622","3.4","2018-04-12","6.2",,"0.0","0.0","0.0","7.9","12.2","4.4","  190","  190","13.9","17.0",,,,,,,
"USW00094789","JFK INTERNATIONAL AIRPORT, NY US","40.6386","-73.7622","3.4","2018-04-13","5.7",,"0.0","0.0","0.0","13.6","21.1","8.9","  190","  170","9.4","11.2",,,,,,,
"USW00094789","JFK INTERNATIONAL AIRPORT, NY US","40.6386","-73.7622","3.4","2018-04-14","5.5",,"0.0","0.0","0.0","12.9","19.4","7.2","   80","   90","14.3","18.3","    1",,,,,"    1",
"USW00094789","JFK INTERNATIONAL AIRPORT, NY US","40.6386","-73.7622","3.4","2018-04-15","9.1",,"6.4","0.0","0.0","6.2","7.2","3.3","   70","   60","12.5","16.1","    1",,,,,,
"USW00094789","JFK INTERNATIONAL AIRPORT, NY US","40.6386","-73.7622","3.4","2018-04-16","10.8",,"38.9","0.0","0.0","8.2","13.9","4.4","  120","  120","18.3","22.4","    1",,"    1",,,,
"USW00094789","JFK INTERNATIONAL AIRPORT, NY US","40.6386","-73.7622","3.4","2018-04-17","8.0",,"0.0","0.0","0.0","7.3","8.9","3.9","  270","  290","11.6","14.8",,,,,,,
"USW00094789","JFK INTERNATIONAL AIRPORT, NY US","40.6386","-73.7622","3.4","2018-04-18","6.7",,"0.0","0.0","0.0","6.4","11.7","2.8","  230","  260","10.3","12.5",,,,,,,
"USW00094789","JFK INTERNATIONAL AIRPORT, NY US","40.6386","-73.7622","3.4","2018-04-19","6.3",,"3.8","0.0","0.0","7.2","8.9","3.3","  310","  300","13.0","16.5","    1",,,,,,
"USW00094789","JFK INTERNATIONAL AIRPORT, NY US","40.6386","-73.7622","3.4","2018-04-20","8.4",,"0.0","0.0","0.0","6.1","11.1","2.2","  320","  310","12.5","15.2",,,,,,,
"USW00094789","JFK INTERNATIONAL AIRPORT, NY US","40.6386","-73.7622","3.4","2018-04-21","5.2",,"0.0","0.0","0.0","8.2","16.1","3.3","  190","  200","10.3","12.5",,,,,,,
"USW00094789","JFK INTERNATIONAL AIRPORT, NY US","40.6386","-73.7622","3.4","2018-04-22","4.7",,"0.0","0.0","0.0","10.6","16.1","5.0","  190","  190","10.3","12.1",,,,,,,
"USW00094789","JFK INTERNATIONAL AIRPORT, NY US","40.6386","-73.7622","3.4","2018-04-23","3.7",,"0.0","0.0","0.0","9.8","16.1","3.9","  130","  130","8.1","9.4",,,,,,,
"USW00094789","JFK INTERNATIONAL AIRPORT, NY US","40.6386","-73.7622","3.4","2018-04-24","5.5",,"0.0","0.0","0.0","10.4","16.7","5.0","  140","  140","10.3","12.5","    1",,,,,,
"USW00094789","JFK INTERNATIONAL AIRPORT, NY US","40.6386","-73.7622","3.4","2018-04-25","5.2",,"8.6","0.0","0.0","12.2","13.9","10.6","  100","  100","11.2","15.2","    1","    1",,,,,
"USW00094789","JFK INTERNATIONAL AIRPORT, NY US","40.6386","-73.7622","3.4","2018-04-26","5.6",,"1.0","0.0","0.0","14.6","20.0","10.6","  310","  320","10.3","13.0","    1",,,,,,
"USW00094789","JFK INTERNATIONAL AIRPORT, NY US","40.6386","-73.7622","3.4","2018-04-27","3.8",,"3.0","0.0","0.0","12.4","13.3","8.9","   90","  100","9.8","12.5","    1",,,,,,
"USW00094789","JFK INTERNATIONAL AIRPORT, NY US","40.6386","-73.7622","3.4","2018-04-28","4.3",,"0.3","0.0","0.0","10.9","15.6","7.2","  300","  300","8.9","10.3","    1","    1",,,,"    1",
"USW00094789","JFK INTERNATIONAL AIRPORT, NY US","40.6386","-73.7622","3.4","2018-04-29","6.6",,"3.3","0.0","0.0","12.4","15.0","8.3","  320","  320","11.6","14.3","    1",,,,,,
"USW00094789","JFK INTERNATIONAL AIRPORT, NY US","40.6386","-73.7622","3.4","2018-04-30","7.2",,"0.0","0.0","0.0","9.4","11.7","7.8","  330","  320","14.3","17.9",,,,,,,
"USW00094789","JFK INTERNATIONAL AIRPORT, NY US","40.6386","-73.7622","3.4","2018-05-01","4.7",,"0.0","0.0","0.0","14.3","24.4","8.3","  320","  320","9.8","12.5",,,,,,,
"USW00094789","JFK INTERNATIONAL AIRPORT, NY US","40.6386","-73.7622","3.4","2018-05-02","5.1",,"0.0","0.0","0.0","19.3","28.3","11.7","  230","  250","9.4","12.5",,,,,,,
"USW00094789","JFK INTERNATIONAL AIRPORT, NY US","40.6386","-73.7622","3.4","2018-05-03","5.1",,"0.0","0.0","0.0","21.0","28.9","15.0","  320","  320","9.8","12.1",,,,,,,
"USW00094789","JFK INTERNATIONAL AIRPORT, NY US","40.6386","-73.7622","3.4","2018-05-04","5.6",,"0.0","0.0","0.0","19.8","25.6","14.4","  190","  280","12.5","15.7","    1",,,,,,
"USW00094789","JFK INTERNATIONAL AIRPORT, NY US","40.6386","-73.7622","3.4","2018-05-05","6.4",,"0.0","0.0","0.0","19.1","24.4","13.3","  330","  330","11.6","15.2",,,,,,,
"USW00094789","JFK INTERNATIONAL AIRPORT, NY US","40.6386","-73.7622","3.4","2018-05-06","3.3",,"0.0","0.0","0.0","15.4","18.9","13.3","   30","   50","8.1","9.8",,,,,,,
"USW00094789","JFK INTERNATIONAL AIRPORT, NY US","40.6386","-73.7622","3.4","2018-05-07","3.8",,"0.0","0.0","0.0","16.3","22.8","11.1","  140","  140","7.2","8.9",,,,,,,
"USW00094789","JFK INTERNATIONAL AIRPORT, NY US","40.6386","-73.7622","3.4","2018-05-08","3.0",,"0.0","0.0","0.0","14.7","19.4","10.0","  140",,"6.7",,,,,,,,
"USW00094789","JFK INTERNATIONAL AIRPORT, NY US","40.6386","-73.7622","3.4","2018-05-09","2.9",,"0.0","0.0","0.0","13.4","17.2","9.4","  150",,"6.3",,"    1","    1",,,,,
"USW00094789","JFK INTERNATIONAL AIRPORT, NY US","40.6386","-73.7622","3.4","2018-05-10","3.7",,"0.3","0.0","0.0","13.1","16.7","11.7","  180","  170","10.3","13.0","    1","    1","    1",,,,
"USW00094789","JFK INTERNATIONAL AIRPORT, NY US","40.6386","-73.7622","3.4","2018-05-11","5.1",,"0.0","0.0","0.0","18.1","23.3","14.4","  330","  330","8.1","12.5",,,,,,,
"USW00094789","JFK INTERNATIONAL AIRPORT, NY US","40.6386","-73.7622","3.4","2018-05-12","3.6",,"6.4","0.0","0.0","15.3","18.3","11.1","  120","  130","7.2","8.1","    1",,,,,,
"USW00094789","JFK INTERNATIONAL AIRPORT, NY US","40.6386","-73.7622","3.4","2018-05-13","3.6",,"4.1","0.0","0.0","11.6","12.2","10.6","  100","  100","7.6","9.8","    1",,,,,,
"USW00094789","JFK INTERNATIONAL AIRPORT, NY US","40.6386","-73.7622","3.4","2018-05-14","3.2",,"3.0","0.0","0.0","12.8","17.8","10.6","  170","  170","6.7","8.1","    1","    1",,,,,
"USW00094789","JFK INTERNATIONAL AIRPORT, NY US","40.6386","-73.7622","3.4","2018-05-15","4.9",,"11.2","0.0","0.0","17.2","24.4","13.3","  290","  290","19.7","24.6","    1","    1","    1",,,,
"USW00094789","JFK INTERNATIONAL AIRPORT, NY US","40.6386","-73.7622","3.4","2018-05-16","4.5",,"8.4","0.0","0.0","16.9","18.3","13.3","   90","  100","9.8","13.0","    1",,,,,,
"USW00094789","JFK INTERNATIONAL AIRPORT, NY US","40.6386","-73.7622","3.4","2018-05-17","2.4",,"18.3","0.0","0.0","15.1","19.4","12.8","   30","   30","6.3","7.2","    1",,,,,,
"USW00094789","JFK INTERNATIONAL AIRPORT, NY US","40.6386","-73.7622","3.4","2018-05-18","5.4",,"0.0","0.0","0.0","16.3","17.8","12.8","   60","   60","10.7","14.8","    1","    1",,,,,
"USW00094789","JFK INTERNATIONAL AIRPORT, NY US","40.6386","-73.7622","3.4","2018-05-19","4.0",,"19.1","0.0","0.0","12.1","13.9","10.0","   80","   90","9.4","11.6","    1","    1",,,,,
"USW00094789","JFK INTERNATIONAL AIRPORT, NY US","40.6386","-73.7622","3.4","2018-05-20","5.8",,"0.0","0.0","0.0","19.4","28.3","13.9","  340","  320","10.3","14.3","    1","    1",,,,,
"USW00094789","JFK INTERNATIONAL AIRPORT, NY US","40.6386","-73.7622","3.4","2018-05-21","4.3",,"0.0","0.0","0.0","19.5","22.8","13.9","  360","  360","8.9","10.7",,,,,,,
"USW00094789","JFK INTERNATIONAL AIRPORT, NY US","40.6386","-73.7622","3.4","2018-05-22","2.5",,"4.3","0.0","0.0","15.6","18.3","13.3","  170","  170","6.3","7.2","    1",,,,,,
"USW00094789","JFK INTERNATIONAL AIRPORT, NY US","40.6386","-73.7622","3.4","2018-05-23","3.9",,"5.1","0.0","0.0","18.7","27.8","13.9","  340","  310","8.1","10.7","    1",,"    1",,,,
"USW00094789","JFK INTERNATIONAL AIRPORT, NY US","40.6386","-73.7622","3.4","2018-05-24","5.1",,"0.0","0.0","0.0","23.1","27.8","16.1","  190","  190","10.3","13.0",,,,,,,
"USW00094789","JFK INTERNATIONAL AIRPORT, NY US","40.6386","-73.7622","3.4","2018-05-25","5.7",,"0.0","0.0","0.0","20.4","27.8","15.6","  230","  240","9.4","11.2",,,,,,,
"USW00094789","JFK INTERNATIONAL AIRPORT, NY US","40.6386","-73.7622","3.4","2018-05-26","3.8",,"0.0","0.0","0.0","22.7","27.2","19.4","  190","  190","8.9","10.3",,,,,,,
"USW00094789","JFK INTERNATIONAL AIRPORT, NY US","40.6386","-73.7622","3.4","2018-05-27","6.0",,"22.6","0.0","0.0","18.4","21.7","12.8","   50","   60","11.6","14.3","    1",,"    1",,,,
"USW00094789","JFK INTERNATIONAL AIRPORT, NY US","40.6386","-73.7622","3.4","2018-05-28","3.4",,"0.0","0.0","0.0","14.0","17.2","12.2","  170","  180","6.7","8.5",,,,,,,
"USW00094789","JFK INTERNATIONAL AIRPORT, NY US","40.6386","-73.7622","3.4","2018-05-29","3.6",,"0.0","0.0","0.0","19.3","26.1","15.6","  190","  190","6.7","7.6",,,,,,,
"USW00094789","JFK INTERNATIONAL AIRPORT, NY US","40.6386","-73.7622","3.4","2018-05-30","3.6",,"0.0","0.0","0.0","17.9","20.6","13.9","  130","  120","7.6","9.4","    1","    1",,,,,
"USW00094789","JFK INTERNATIONAL AIRPORT, NY US","40.6386","-73.7622","3.4","2018-05-31","3.0",,"0.8","0.0","0.0","17.3","19.4","15.6","  140","  110","6.3","7.6","    1","    1",,,,,
"USW00094789","JFK INTERNATIONAL AIRPORT, NY US","40.6386","-73.7622","3.4","2018-06-01","2.1",,"30.0","0.0","0.0","19.2","23.9","17.2","  160","  160","4.5","5.8","    1","    1",,,,,
"USW00094789","JFK INTERNATIONAL AIRPORT, NY US","40.6386","-73.7622","3.4","2018-06-02","4.5",,"0.0","0.0","0.0","23.8","30.0","17.8","   90","   80","10.3","13.0","    1",,"    1",,,,
"USW00094789","JFK INTERNATIONAL AIRPORT, NY US","40.6386","-73.7622","3.4","2018-06-03","7.1",,"2.8","0.0","0.0","17.1","17.8","10.6","  100","  100","11.2","14.3","    1",,,,,,
"USW00094789","JFK INTERNATIONAL AIRPORT, NY US","40.6386","-73.7622","3.4","2018-06-04","3.8",,"15.5","0.0","0.0","13.9","21.7","10.6","   10","   20","7.6","10.7","    1",,,,,,
"USW00094789","JFK INTERNATIONAL AIRPORT, NY US","40.6386","-73.7622","3.4","2018-06-05","4.4",,"0.0","0.0","0.0","17.9","24.4","11.7","  270","  260","9.4","12.5","    1",,,,,,
"USW00094789","JFK INTERNATIONAL AIRPORT, NY US","40.6386","-73.7622","3.4","2018-06-06","3.9",,"0.0","0.0","0.0","17.2","21.7","13.3","   30","   30","7.2","8.9",,,,,,,
"USW00094789","JFK INTERNATIONAL AIRPORT, NY US","40.6386","-73.7622","3.4","2018-06-07","4.0",,"0.0","0.0","0.0","15.8","18.9","14.4","  150","  150","7.6","8.5",,,,,,,
"USW00094789","JFK INTERNATIONAL AIRPORT, NY US","40.6386","-73.7622","3.4","2018-06-08","4.2",,"0.0","0.0","0.0","18.3","23.3","14.4","  190","  180","8.1","9.8",,,,,,,
"USW00094789","JFK INTERNATIONAL AIRPORT, NY US","40.6386","-73.7622","3.4","2018-06-09","2.9",,"0.0","0.0","0.0","21.6","26.1","18.3","  140","   10","5.8","8.1",,,,,,,
"USW00094789","JFK INTERNATIONAL AIRPORT, NY US","40.6386","-73.7622","3.4","2018-06-10","2.7",,"0.5","0.0","0.0","20.0","22.2","13.9","   60","   30","6.3","7.6",,,,,,,
"USW00094789","JFK INTERNATIONAL AIRPORT, NY US","40.6386","-73.7622","3.4","2018-06-11","3.6",,"0.5","0.0","0.0","16.8","20.6","13.3","  110","  130","8.1","9.8",,,,,,,
"USW00094789","JFK INTERNATIONAL AIRPORT, NY US","40.6386","-73.7622","3.4","2018-06-12","4.7",,"0.0","0.0","0.0","16.3","20.6","11.1","  180","  180","10.3","12.5",,,,,,,
"USW00094789","JFK INTERNATIONAL AIRPORT, NY US","40.6386","-73.7622","3.4","2018-06-13","5.0",,"1.0","0.0","0.0","18.4","22.8","16.7","  230","  220","8.9","11.6","    1",,,,,,
"USW00094789","JFK INTERNATIONAL AIRPORT, NY US","40.6386","-73.7622","3.4","2018-06-14","7.7",,"0.0","0.0","0.0","24.3","29.4","20.0","  270","  250","11.2","15.7",,,,,,,
"USW00094789","JFK INTERNATIONAL AIRPORT, NY US","40.6386","-73.7622","3.4","2018-06-15","5.5",,"0.0","0.0","0.0","21.9","25.0","16.1","  310","  310","11.2","14.3",,,,,,,
"USW00094789","JFK INTERNATIONAL AIRPORT, NY US","40.6386","-73.7622","3.4","2018-06-16","4.5",,"0.0","0.0","0.0","21.4","27.8","15.6","  200","  200","9.4","10.7",,,,,,,
"USW00094789","JFK INTERNATIONAL AIRPORT, NY US","40.6386","-73.7622","3.4","2018-06-17","3.8",,"0.0","0.0","0.0","23.4","30.6","17.2","  180","  180","7.2","9.4",,,,,,,
"USW00094789","JFK INTERNATIONAL AIRPORT, NY US","40.6386","-73.7622","3.4","2018-06-18","6.2",,"10.9","0.0","0.0","22.6","26.7","19.4","  250","  260","15.7","19.7","    1",,"    1",,,,
"USW00094789","JFK INTERNATIONAL AIRPORT, NY US","40.6386","-73.7622","3.4","2018-06-19","4.5",,"0.5","0.0","0.0","26.4","31.7","22.2","  270","  270","10.3","12.1",,,,,,"    1",
"USW00094789","JFK INTERNATIONAL AIRPORT, NY US","40.6386","-73.7622","3.4","2018-06-20","3.8",,"0.3","0.0","0.0","22.8","25.6","19.4","  180","  180","8.1","9.8","    1",,,,,,
"USW00094789","JFK INTERNATIONAL AIRPORT, NY US","40.6386","-73.7622","3.4","2018-06-21","3.5",,"7.1","0.0","0.0","22.1","27.8","18.9","   20","   10","7.2","9.4","    1",,,,,,
"USW00094789","JFK INTERNATIONAL AIRPORT, NY US","40.6386","-73.7622","3.4","2018-06-22","5.0",,"1.0","0.0","0.0","20.2","21.7","17.2","  120","  130","9.4","11.2","    1",,,,,,
"USW00094789","JFK INTERNATIONAL AIRPORT, NY US","40.6386","-73.7622","3.4","2018-06-23","3.6",,"0.0","0.0","0.0","18.2","19.4","17.2","   50","   90","7.2","9.8",,,,,,,
"USW00094789","JFK INTERNATIONAL AIRPORT, NY US","40.6386","-73.7622","3.4","2018-06-24","4.3",,"4.3","0.0","0.0","20.6","25.0","18.3","   20","  190","9.4","11.2","    1",,"    1",,,,
"USW00094789","JFK INTERNATIONAL AIRPORT, NY US","40.6386","-73.7622","3.4","2018-06-25","5.1",,"0.0","0.0","0.0","23.7","27.8","18.3","  330","  330","11.2","15.2",,,,,,,
"USW00094789","JFK INTERNATIONAL AIRPORT, NY US","40.6386","-73.7622","3.4","2018-06-26","5.2",,"0.0","0.0","0.0","20.2","22.8","16.1","  180","  190","8.1","10.7",,,,,,,
"USW00094789","JFK INTERNATIONAL AIRPORT, NY US","40.6386","-73.7622","3.4","2018-06-27","5.6",,"0.5","0.0","0.0","20.3","22.8","17.2","  180","  150","9.4","11.6","    1",,,,,,
"USW00094789","JFK INTERNATIONAL AIRPORT, NY US","40.6386","-73.7622","3.4","2018-06-28","5.0",,"23.6","0.0","0.0","22.4","26.7","21.1","  170","  170","10.7","13.9","    1",,"    1",,,,
"USW00094789","JFK INTERNATIONAL AIRPORT, NY US","40.6386","-73.7622","3.4","2018-06-29","4.0",,"0.0","0.0","0.0","25.4","32.8","21.1","  230","  290","8.1","10.3",,,,,,,
"USW00094789","JFK INTERNATIONAL AIRPORT, NY US","40.6386","-73.7622","3.4","2018-06-30","3.1",,"0.0","0.0","0.0","27.7","31.1","21.1","  190","  190","6.7","8.1",,,,,,,
